{"cameraMode":{"drawMode":0,"name":"Shaded","section":"Shading Mode"},"sceneLighting":false,"audioPlay":false,"sceneViewState":{"m_AlwaysRefresh":false,"showFog":false,"showSkybox":false,"showFlares":false,"showImageEffects":false,"showParticleSystems":false,"showVisualEffectGraphs":true,"m_FxEnabled":true},"in2DMode":false,"pivot":{"x":314.0299987792969,"y":215.3135986328125,"z":-0.00555419921875},"rotation":{"x":0.0014999978011474014,"y":-0.0014999978011474014,"z":0.0000022499987153423719,"w":0.9999977350234985},"size":321.35540771484377,"orthographic":false}